insert into areas (id,name) values(1,'Sistemas de Información');
insert into areas (id,name) values(2,'Bases de Datos');
insert into areas (id,name) values(3,'Procesamiento de Imagenes');
insert into areas (id,name) values(4,'Computación Gráfica');
insert into areas (id,name) values(5,'Ingeniería de Software');
insert into areas (id,name) values(6,'Especificación y Dise&ntilde;o de Software');
insert into areas (id,name) values(7,'Sistemas Multimedios e Hipermedios');
insert into areas (id,name) values(8,'Sistemas de Información');
insert into areas (id,name) values(9,'Sistemas de Información') ;

insert into students (id,student_name,student_last_name_father,student_last_name_mother,career) values (1,'Fabiola','Cuchallo','Flores','Licenciatura en Ingenieria Informática');
insert into students (id,student_name,student_last_name_father,student_last_name_mother,career) values (2,'Monica Liz','Ustariz','Vasquez','Licenciatura en Ingenieria Informática');
insert into students (id,student_name,student_last_name_father,student_last_name_mother,career) values (3,'Veronica Sasha','Taboada','Ovando','Licenciatura en Ingenieria Informática');
insert into students (id,student_name,student_last_name_father,student_last_name_mother,career) values (4,'Karla','Bustamante','Perez','Licenciatura en Ingenieria Informática');
insert into students (id,student_name,student_last_name_father,student_last_name_mother,career) values (5,'Maritza','Claros','Gutierrez','Licenciatura en Ingenieria Informática');
insert into students (id,student_name,student_last_name_father,student_last_name_mother,career) values (6,'Salome','Quispe','Guarachi','Licenciatura en Ingenieria Informática');
insert into students (id,student_name,student_last_name_father,student_last_name_mother,career) values (7,'Kattya Yovanna','Espinoza','Burgoa','Licenciatura en Ingenieria Informática');
insert into students (id,student_name,student_last_name_father,student_last_name_mother,career) values (8,'Elias Diego','Ramirez','Vargas','Licenciatura en Ingenieria Informática');
insert into students (id,student_name,student_last_name_father,student_last_name_mother,career) values (9,'Ronald','Correa','Macias','Licenciatura en Ingenieria Informática');
insert into students (id,student_name,student_last_name_father,student_last_name_mother,career) values (10,'Sanzio Ronaldo','Barbosa','Pinheiro','Licenciatura en Ingenieria Informática');
insert into students (id,student_name,student_last_name_father,student_last_name_mother,career) values (11,'Lisby Elder','Fernandez','Sanjines','Licenciatura en Ingenieria Informática');
insert into students (id,student_name,student_last_name_father,student_last_name_mother,career) values (12,'Marcia Ybonneth','Vasquez','Romero','Ingenieria Informática');
insert into students (id,student_name,student_last_name_father,student_last_name_mother,career) values (13,'Imelda Ruth','Fuentes','Ayaviri','Licenciatura en Ingenieria Informática');
insert into students (id,student_name,student_last_name_father,student_last_name_mother,career) values (14,'Tania Mildred','Loayza','Moya','Licenciatura en Ingenieria Informática');

insert into profiles (id,title,degree_modality,area_id) values (1,'EVALUACIÓN EXTERNA DE LA CARRERA DE LICENCIATURA EN INFORMATICA','Adscripción',1);
insert into profiles (id,title,degree_modality,area_id) values (2,'SISTEMA DE INFORMACIÓN PARA LA GESTIÓN DE UNA GRANJA PORCINA','Proyecto de Grado',2);
insert into profiles (id,title,degree_modality,area_id) values (3,'SUPERMERCADO VIRTUAL','Proyecto de Grado',3);
insert into profiles (id,title,degree_modality,area_id) values (4,'SISTEMA DE DETECCIÓN DE INTRUSOS APLICANDO REDES NEURONALES','Adscripción',5);
insert into profiles (id,title,degree_modality,area_id) values (5,'CLIENTE SOFTSWITCH', 'Proyecto de Grado',4);
insert into profiles (id,title,degree_modality,area_id) values (6,'EVALUACIÓN EXTERNA DE LA CARRERA DE LICENCIATURA EN INFORMATICA','Adscripción',6);
insert into profiles (id,title,degree_modality,area_id) values (7,'SISTEMA DE INFORMACIÓN PARA LA GESTIÓN DE UNA GRANJA PORCINA','Proyecto de Grado',7);
insert into profiles (id,title,degree_modality,area_id) values (8,'DESARROLLO DE UN SISTEMA DE GESTIÓN ACADÉMICA Y SITIO WEB PARA EL TECNOLÓGICO INDUSTRIAL BOLIVIANO CANADIENSE EL PASO.','Trabajo Dirigido',1);
insert into profiles (id,title,degree_modality,area_id) values (9,'EVALUACION EXTERNA A LA CARRERA DE INGENIERIA DE SISTEMAS', 'Adscripción',2);
insert into profiles (id,title,degree_modality,area_id) values (10,'SISTEMA EXPERTO PARA LA TERAPIA ASISTIDA CON ANIMALES', 'Proyecto de Grado',4);
insert into profiles (id,title,degree_modality,area_id) values (11,'HERRAMIENTA INTERACTIVA DE APOYO EN LA EDUCACIÓN DIRIGIDO AL NIVEL DE CUARTO Y QUINTO AÑO DE PRIMARIA', 'Proyecto de Grado',5);
insert into profiles (id,title,degree_modality,area_id) values (12,'PUESTA EN MARCHA  DEL  SISTEMA DE KARDEX DOCENTE Y  SEGUIMIENTO ACADÉMICO PARA LA FACULTAD DE ARQUITECTURA','Adscripción',1);
insert into profiles (id,title,degree_modality,area_id) values (13,'SISTEMA INFORMATICO DE KARDEX DOCENTE Y SEGUIMIENTO ACADÉMICO PARA LA FACULTAD DE ARQUITECTURA','Trabajo Dirigido',2);
insert into profiles (id,title,degree_modality,area_id) values (14,'PUESTA EN MARCHA  DEL  SISTEMA DE KARDEX DOCENTE Y  SEGUIMIENTO ACADÉMICO PARA LA FACULTAD DE ARQUITECTURA', 'Adscripción',4);
insert into profiles (id,title,degree_modality,area_id) values (15,'HERRAMIENTA EN HASKELL PARA EL MAPEO OBJETO-RELACIONAL DE BASE DE DATOS','Proyecto de Grado',6);
insert into profiles (id,title,degree_modality,area_id) values (16,'DESARROLLO DE UN SISTEMA DE APOYO EN LA COMPOSICIÓN MUSICAL.', 'Proyecto de Grado',5);
insert into profiles (id,title,degree_modality,area_id) values (17,'SISTEMA GESTOR DE MENSAJERÍA ELECTRÓNICA Y MENSAJERÍA SMS', 'Proyecto de Grado',6);
insert into profiles (id,title,degree_modality,area_id) values (18,'SISTEMA COLABORATIVO DE APOYO A LAS REUNIONES DE CONSEJOS EFECTUADAS EN UNIVERSIDADES ESTATALES', 'Proyecto de Grado',1);
insert into profiles (id,title,degree_modality,area_id) values (19,'METODOLOGIA PARA EL DESARROLLO DE APLICACIONES JEE SIGUIENDO UN PROCESO DE UNIT TESTING','Proyecto de Grado',3);
insert into profiles (id,title,degree_modality,area_id) values (20,'GESTIÓN DE RED BASADO EN  UN SISTEMA QUE UTILIZA OBJETOS DISTRIBUIDOS CON TECNOLOGÍA CORBA', 'Proyecto de Grado',5);
insert into profiles (id,title,degree_modality,area_id) values (21,'SISTEMA DE ADMINISTRACIÓN DE PROYECTOS PARA EL LABORATORIO DE HIDRÁULICA ', 'Adscripción',4);
insert into profiles (id,title,degree_modality,area_id) values (22,'IMPLEMENTAR UNA INTRANET PARA EL PROYECTO CAE-II', 'Proyecto de Grado',3);
insert into profiles (id,title,degree_modality,area_id) values (23,'SISTEMA INTEGRADO DE ADMINISTRACION DEL HOSPITAL CENTRAL DE TIQUIPAYA','Trabajo Dirigido',2);
insert into profiles (id,title,degree_modality,area_id) values (24,'METODOLOGÍAS PARA CONSTRUIR INTERFACES WEB DE CALIDAD','Proyecto de Grado',1);
insert into profiles (id,title,degree_modality,area_id) values (25,'SISTEMA COLABORATIVO DE SOPORTE PARA LA ADMINISTRACIÓN DE UNIDADES  EDUCATIVAS','Proyecto de Grado',3);
insert into profiles (id,title,degree_modality,area_id) values (26,'INVESTIGACIÓN DEL MODELO DE BASES DE DATOS MULTIDIMENSIONALES Y SUS DIFERENTES ESQUEMAS DE REPRESENTACIÓN PARA SU APLICACIÓN EN EL DESARROLLO DE UNA HERRAMIENTA QUE AUTOMATICE LA CREACIÓN Y CARGADO DE BDMS.', 'Proyecto de Grado',2);
insert into profiles (id,title,degree_modality,area_id) values (27,'SISTEMA DE CONTROL Y MANIPULACIÓN DE DATOS DE UNA SOCIEDAD MEDICA.',  'Proyecto de Grado',6);
insert into profiles (id,title,degree_modality,area_id) values (28,'BASES DE DATOS TEMPORALES DIAGNOSTICO Y VIGILANCIA DE UNA PRUEBA DE LABORATOIRIO CLINICO UTILIZANDO LA HERRAMIENTA DATA WAREHOUSE', 'Proyecto de Grado',2);

insert into professionals (id,professional_name,professional_last_name_father,professional_last_name_mother,email,degree,workload,phone,address) values (1,'Vladimir','Costas','Costas','vcostas@cs.umss.edu.bo','Msc.','Tiempo Completo','4666037','Centro MEMI - Area Informatica');
insert into professionals (id,professional_name,professional_last_name_father,professional_last_name_mother,email,degree,workload,phone,address) values (2,'Corina Justina','Flores','Flores','corina@memi.umss.edu.bo','Lic.','Tiempo Parcial','4252439','Programa MEMI (UMSS).');
insert into professionals (id,professional_name,professional_last_name_father,professional_last_name_mother,email,degree,workload,phone,address) values (3,'Victor Hugo','Montaño','Montaño','victor@memi.umss.edu.bo','Lic.','Tiempo Parcial','4233719','Departamento de Informática y Sistemas (UMSS).');
insert into professionals (id,professional_name,professional_last_name_father,professional_last_name_mother,email,degree,workload,phone,address) values (4,'Carla','Salazar','Salazar','csalazar@memi.umss.edu.bo','Msc. Lic.','Tiempo Completo','4233719','Departamento de Informática y Sistemas (UMSS).');
insert into professionals (id,professional_name,professional_last_name_father,professional_last_name_mother,email,degree,workload,phone,address) values (5,'Henrry Frank','Villarroel','Villarroel','hvillarroel@memi.umss.edu.bo','Lic.','Tiempo Completo','77931275','');
insert into professionals (id,professional_name,professional_last_name_father,professional_last_name_mother,email,degree,workload,phone,address) values (6,'Maria Leticia','Blanco','Blanco','leticia@memi.umss.edu.bo','Lic.','Tiempo Parcial','4252439','Programa MEMI (UMSS).');
insert into professionals (id,professional_name,professional_last_name_father,professional_last_name_mother,email,degree,workload,phone,address) values (7,'Samuel Roberto','Achá','Achá','cibo@supernet.com.bo','Ing.','Tiempo Parcial','70719123','Antezana 537');
insert into professionals (id,professional_name,professional_last_name_father,professional_last_name_mother,email,degree,workload,phone,address) values (8,'Nancy Tatiana','Aparicio','Aparicio','aparicio@ucbcba.edu.bo','Msc.','Tiempo Parcial','0','');
insert into professionals (id,professional_name,professional_last_name_father,professional_last_name_mother,email,degree,workload,phone,address) values (9,'Boris Marcelo','Calancha','Calancha','boris@fcyt.umss.edu.bo','Lic.','Tiempo Completo','4233719','Dirección de Carrera');
insert into professionals (id,professional_name,professional_last_name_father,professional_last_name_mother,email,degree,workload,phone,address) values (10,'Luis Roberto','Agreda','Agreda','luisagreda@hotmail.com','Ing.','Tiempo Parcial','4529557','');

insert into tutors (profile_id,professional_id) values (1,1);
insert into tutors (profile_id,professional_id) values (2,2);
insert into tutors (profile_id,professional_id) values (3,3);
insert into tutors (profile_id,professional_id) values (4,4);
insert into tutors (profile_id,professional_id) values (5,3);
insert into tutors (profile_id,professional_id) values (6,2);
insert into tutors (profile_id,professional_id) values (7,1);
insert into tutors (profile_id,professional_id) values (8,1);
insert into tutors (profile_id,professional_id) values (9,1);
insert into tutors (profile_id,professional_id) values (10,1);
insert into tutors (profile_id,professional_id) values (11,1);
insert into tutors (profile_id,professional_id) values (12,1);
insert into tutors (profile_id,professional_id) values (13,1);
insert into tutors (profile_id,professional_id) values (14,2);
insert into tutors (profile_id,professional_id) values (15,1);
insert into tutors (profile_id,professional_id) values (16,2);
insert into tutors (profile_id,professional_id) values (17,1);
insert into tutors (profile_id,professional_id) values (18,2);
insert into tutors (profile_id,professional_id) values (19,5);
insert into tutors (profile_id,professional_id) values (20,4);
insert into tutors (profile_id,professional_id) values (21,3);
insert into tutors (profile_id,professional_id) values (22,2);
insert into tutors (profile_id,professional_id) values (23,1);
insert into tutors (profile_id,professional_id) values (24,1);
insert into tutors (profile_id,professional_id) values (25,1);
insert into tutors (profile_id,professional_id) values (26,2);
insert into tutors (profile_id,professional_id) values (27,5);
insert into tutors (profile_id,professional_id) values (28,6);

insert into student_profiles (student_id,profile_id) values (1,1);
insert into student_profiles (student_id,profile_id) values (2,2);
insert into student_profiles (student_id,profile_id) values (3,3);
insert into student_profiles (student_id,profile_id) values (4,4);
insert into student_profiles (student_id,profile_id) values (5,5);
insert into student_profiles (student_id,profile_id) values (6,6);
insert into student_profiles (student_id,profile_id) values (2,7);
insert into student_profiles (student_id,profile_id) values (2,8);
insert into student_profiles (student_id,profile_id) values (1,9);
insert into student_profiles (student_id,profile_id) values (2,10);
insert into student_profiles (student_id,profile_id) values (3,11);
insert into student_profiles (student_id,profile_id) values (2,12);
insert into student_profiles (student_id,profile_id) values (4,13);
insert into student_profiles (student_id,profile_id) values (2,14);
insert into student_profiles (student_id,profile_id) values (1,15);
insert into student_profiles (student_id,profile_id) values (1,16);
insert into student_profiles (student_id,profile_id) values (5,17);
insert into student_profiles (student_id,profile_id) values (2,18);
insert into student_profiles (student_id,profile_id) values (3,19);
insert into student_profiles (student_id,profile_id) values (2,20);
insert into student_profiles (student_id,profile_id) values (1,21);
insert into student_profiles (student_id,profile_id) values (2,22);
insert into student_profiles (student_id,profile_id) values (5,23);
insert into student_profiles (student_id,profile_id) values (2,24);
insert into student_profiles (student_id,profile_id) values (1,25);
insert into student_profiles (student_id,profile_id) values (1,26);
insert into student_profiles (student_id,profile_id) values (1,27);
insert into student_profiles (student_id,profile_id) values (1,28);